Sequence,PE Score,PP Score,PET Score,Average Score
WFHWWMFFRRFF,-54.41424179,-44.34017563,-51.97410202,-50.24283981
WFWWFHFHHRFR,-52.05324936,-41.28289413,-57.32820129,-50.22144826
WFWWFMFHRRFF,-53.46511459,-43.80578995,-52.87321854,-50.04804103
WYWWFMFFHRFR,-53.8880043,-40.34809875,-54.56645966,-49.60085424
WYWWFIFFRRRF,-54.06251526,-42.28831863,-52.29104996,-49.54729462
WYWWLFFHRRFF,-52.87173843,-43.55456161,-52.12053299,-49.51561101
WFWWFMRFFRRF,-53.09597015,-43.17417526,-52.25855255,-49.50956599
HWWWFMFHFRRF,-54.87280273,-43.34762192,-49.97018051,-49.39686839
WMWWFMHFHRMR,-51.40770721,-42.54946136,-54.19725037,-49.38480632
WFWWRHFFRRFF,-53.11177444,-42.95046234,-52.06609344,-49.37611008
WHWWRRFHFRFF,-53.34290314,-42.71539688,-51.89485931,-49.31771978
FFWWWMHFFRMR,-53.82305527,-41.43783188,-52.63735962,-49.29941559
WHRWWFFFFRFF,-53.18352127,-43.31240845,-51.12535477,-49.20709483
YWWWIHFFRRRF,-53.60648727,-43.10059738,-50.78686523,-49.16464996
HWWWFMMFHRRF,-53.31598282,-42.25685501,-51.78746796,-49.12010193
WYRWWIFFFRRR,-54.71111679,-41.74905014,-50.66823578,-49.0428009
WMWWMMFHRRFR,-49.74287033,-42.48709869,-54.88017654,-49.03671519
WYWWFRHFFRRF,-53.16505051,-41.54151917,-52.37108612,-49.02588526
WHWWMMFFRRFF,-52.66146851,-43.31858826,-50.88206482,-48.95404053
WFMWWFFHFRMR,-52.01682663,-42.60149765,-52.21199036,-48.94343821
YWWWRIFFFRRF,-53.17439651,-42.76296997,-50.87675095,-48.93803914
WFWWFMFHFRMR,-51.99233627,-41.33597183,-53.39340973,-48.90723928
WMWWHMFFHRLR,-47.17127228,-40.37939835,-59.11845016,-48.88970693
WFWWFRFFHRMR,-50.19877243,-41.59423065,-54.81365967,-48.86888758
WDWWFMFFRRMF,-51.02784348,-43.41772079,-52.15731812,-48.86762746
WWWHRMFFRMFF,-52.19114304,-43.07329559,-51.2532196,-48.83921941
WYWWRFFFRRFR,-52.51682663,-42.213871,-51.7467041,-48.82580058
WWRWRIFFRRFF,-53.37482452,-44.55630112,-48.53163147,-48.82091904
WFWWFMRFHRMK,-52.18596268,-41.94163132,-52.21345901,-48.780351
WYYWWIHFFRRF,-52.74036026,-42.53393555,-51.04598236,-48.77342606
WHWWFFFFRRFM,-52.22636795,-42.1637764,-51.89796448,-48.76270294
WLWWRMFFRRMR,-49.65621567,-44.43819427,-52.03409576,-48.7095019
WYWWHIFHRRFR,-50.9802742,-42.43479538,-52.70368958,-48.70625305
YWWWFMHFFRRF,-53.3212738,-42.32407761,-50.37834167,-48.67456436
WFWWHHFFFRFR,-51.75191116,-41.36680222,-52.87314606,-48.66395315
WFWWMFFHRMFR,-52.63690567,-41.04798126,-52.22567368,-48.63685354
WHWWHHFFRRRF,-51.99832535,-43.2910881,-50.59757996,-48.6289978
WFWWMHFHRRHR,-47.19877243,-42.20254898,-56.45846939,-48.61993027
WHWWFRRHFRRF,-52.43654251,-42.76000595,-50.31717682,-48.50457509
WFWWFMFFRMFR,-53.8482933,-41.08953476,-50.5392189,-48.49234899
WWWFRMHFRRFF,-53.11299515,-43.43712234,-48.92413712,-48.4914182
YWWWLIFHRRFF,-54.89926529,-41.81577682,-48.73552322,-48.48352178
WWHWRHFFRMFF,-53.02076721,-43.08860016,-49.30951309,-48.47296015
WYWWRIRFFRRF,-53.4821434,-40.39224625,-51.51570511,-48.46336492
HFWWWFFHRRFF,-54.06697083,-41.92097855,-49.37456131,-48.45417023
WYWWFMHFHRLF,-49.7429924,-42.32827377,-53.26131821,-48.44419479
HFWWWFHHFRRM,-51.288311,-41.73837662,-52.24040222,-48.42236328
WWHWRMFFFRFF,-52.70193863,-41.83734512,-50.66235352,-48.40054576
WHWWFFFHMRFF,-52.7903862,-41.38689423,-50.96453094,-48.38060379
WYWWRLHFRRFF,-51.62652969,-43.10386276,-50.39548492,-48.37529246
HHWWWMFFRRMR,-54.89231491,-41.8323555,-48.36594009,-48.36353683
WYRWHIFWFRRF,-52.95772934,-40.75447464,-51.35574341,-48.35598246
WFWWFHFFMRFM,-52.53654861,-40.93178558,-51.53387451,-48.33406957
WWRRHWRRFFFF,-52.50995255,-40.64664078,-51.83682632,-48.33113988
WMWWHFFHHRFR,-48.34500122,-40.0380249,-56.52503204,-48.30268606
WYRWRHFFRRFW,-50.88723755,-43.55692673,-50.43654633,-48.2935702
WMWWFMFHHRHR,-49.18488693,-39.91487122,-55.76345444,-48.28773753
RWWWHIFFRRFF,-52.82703781,-43.30059052,-48.72909164,-48.28557332
WHWWFFFHHRLR,-45.09028244,-41.18241501,-58.57506561,-48.28258769
WHWWIFFHRFFR,-52.43721771,-41.77987289,-50.57965851,-48.26558304
WHRWHRFFFRFW,-49.65359879,-42.82040405,-52.31104279,-48.26168187
WYWWIRFFRRFF,-50.10583115,-42.89975739,-51.74005127,-48.2485466
WDWWFMHFFRFF,-51.49431992,-40.74188614,-52.502491,-48.24623235
FWWWFHMHFRRF,-49.60155869,-43.91825104,-51.2144928,-48.24476751
WFWWMFFFHRFF,-50.62060928,-41.30759048,-52.78087616,-48.23635864
WWRRRWFRFFRF,-53.0350914,-42.42269516,-49.2325592,-48.23011525
WYWWIIFHFRRF,-52.30572128,-41.11567307,-51.25427246,-48.22522227
WFFWFMFWFRFR,-53.5680542,-39.91515732,-51.19068909,-48.22463353
WMWWFHFFFRFF,-50.81564713,-41.40655899,-52.44249725,-48.22156779
WYWWFIHHRRFF,-51.72693253,-42.77019119,-50.15861511,-48.21857961
HWWWFIRFFRRF,-51.02309036,-43.21231842,-50.36042023,-48.19860967
HFWWHMMFFRRF,-53.78823471,-39.82017899,-50.80654907,-48.13832092
WHWWFFFFFRMR,-50.0053215,-41.16577911,-53.2357254,-48.13560867
WHWWRFHFFRRF,-52.11235428,-40.49509811,-51.75384521,-48.12043254
WDWWFIHFRRMR,-50.37517929,-43.16147995,-50.76499176,-48.10055033
WRWWLLFFRRFF,-50.70542145,-44.21086884,-49.36556625,-48.09395218
WFWWFFHHERFR,-49.27522659,-41.26460648,-53.73057556,-48.09013621
WHWWMRHFFRFF,-49.39670181,-43.54545212,-51.31028748,-48.08414714
WRWWFFFHRRFR,-48.98587799,-42.66259384,-52.52317047,-48.0572141
HWWWRIHFRRFF,-52.2333107,-43.38015366,-48.53484344,-48.04943593
WWRWHFFFRFFF,-51.24790573,-43.8198967,-49.0500412,-48.03928121
WWRRIWFRRFFF,-53.27073288,-41.62633514,-49.20617676,-48.03441493
WQWWFMHHHRFR,-47.60950851,-40.08465576,-56.33224106,-48.00880178
FFWWFMHHFRRF,-54.12903214,-41.36583328,-48.50904846,-48.00130463
WHHWHWFFRRFF,-49.44809723,-44.09507751,-50.45839691,-48.00052389
WFWWMMFFFRMF,-50.65423203,-41.06532288,-52.2479248,-47.9891599
WRWWIHFFRRFR,-50.7275238,-42.08826065,-51.14682007,-47.98753484
WWRWFHFFRRRF,-52.79572678,-44.06023788,-47.03188705,-47.96261724
YHWWFMWHFRRF,-54.22418976,-39.06780624,-50.5513649,-47.94778697
WHFWFMFWFRRF,-53.09008408,-39.60408783,-51.14301682,-47.94572957
FWWWQMRFFRRF,-53.12955856,-42.12530899,-48.51107788,-47.92198181
WYWWIRFHFRFR,-49.14704132,-40.54460907,-54.07014465,-47.92059835
HFWWFFHHFMRW,-53.16858292,-43.05667114,-47.48712921,-47.90412776
WYWWIFHFRRRF,-50.24398422,-42.58514786,-50.85231781,-47.89381663
WHWWRFFFRMFF,-53.92806244,-41.5480957,-48.19599152,-47.89071655
WWYWHMFFRRFF,-51.34102249,-43.87241745,-48.38874054,-47.86739349
WHWWMFMFRMFR,-53.27839279,-41.30807877,-48.91854858,-47.83500671
WWWFMMFHRRFF,-49.57925034,-42.92520523,-50.99374771,-47.83273443
FHWWFRFFFRRM,-50.81607056,-40.70872498,-51.96748352,-47.83075968
FHWWFMWFRRRF,-55.31332397,-39.32524872,-48.84794617,-47.82883962
